,total,data,pde
0,0.7101810884475708,0.7101225739717484,5.851499285990942e-05
1,0.5767295032739639,0.5675516301393508,0.009177876269677653
2,0.5143773454427719,0.49705359667539595,0.01732375057414174
3,0.506900891661644,0.4896425598859787,0.017258332520723344
4,0.5042166870832443,0.4869891542196274,0.017227531261742115
5,0.5024499827623368,0.48488231629133227,0.017567665614187718
6,0.50131163418293,0.483260712325573,0.018050923328846693
7,0.5008018884062767,0.482480596601963,0.01832129104062915
8,0.5005361747741699,0.48210501730442046,0.018431158140301704
9,0.5003574600815773,0.48183107644319534,0.01852638341486454
10,0.5002329197525978,0.4816278663277626,0.01860505569726229
11,0.5001432850956917,0.4814629650115967,0.01868032105267048
12,0.5000808876752854,0.4813508242368698,0.01873006174340844
13,0.5000297841429711,0.4812679681181908,0.018761817552149295
14,0.49999114394187927,0.48120226949453354,0.018788876440376044
15,0.4999566179513931,0.48114201307296756,0.018814604468643664
16,0.49992917239665985,0.4810922646522522,0.01883690517395735
17,0.4999063524603844,0.4810491755604744,0.018857177142053844
18,0.49988320261240005,0.48100618839263914,0.018877011854201556
19,0.49986132711172104,0.48096873223781583,0.018892595414072275
20,0.4998419550061226,0.4809407678246498,0.018901184629648925
21,0.49982023030519485,0.48090809881687163,0.018912130817770958
22,0.4997974109649658,0.4808770537376404,0.0189203555136919
23,0.49975777804851534,0.4808306899666786,0.018927089851349593
24,0.4995500501990318,0.480636473596096,0.018913576006889345
25,0.47905104368925094,0.46407818138599394,0.014972862619906664
26,0.4638593837618828,0.4518169146776199,0.012042468711733818
27,0.4617226231098175,0.44924249917268755,0.012480123778805136
28,0.4570180338621139,0.4438811355829239,0.013136896407231688
29,0.455165813267231,0.44185209035873413,0.013313721669837832
30,0.45439500391483306,0.4409480828046799,0.013446919089183211
31,0.45394822746515273,0.4403683614730835,0.013579865097999572
32,0.4536259850859642,0.43991501003503797,0.01371097495779395
33,0.453392798602581,0.4396185380220413,0.013774260580539703
34,0.45319024205207825,0.4393649771809578,0.013825265197083355
35,0.4530015271902084,0.4391271176934242,0.013874410102143884
36,0.45282289266586306,0.4389015531539917,0.01392133760266006
37,0.4526533007621765,0.438685716688633,0.013967583123594522
38,0.45249629735946656,0.4384822180867195,0.0140140794031322
39,0.4523535320162773,0.43829391449689864,0.01405961805023253
40,0.4522220852971077,0.4381171825528145,0.014104903200641275
41,0.4521015390753746,0.4379513600468636,0.01415017956867814
42,0.4519834962487221,0.43778650104999545,0.014196996372193097
43,0.45186874717473985,0.4376229566335678,0.014245790671557188
44,0.4517640849947929,0.43746762961149216,0.014296456035226583
45,0.4516645401716232,0.4373181819915771,0.014346358925104141
46,0.4515704780817032,0.4371733418107033,0.0143971361592412
47,0.4514813795685768,0.4370349243283272,0.01444645455107093
48,0.45139425426721574,0.4368976926803589,0.014496562276035548
49,0.45130990117788317,0.4367639347910881,0.014545966880396008
50,0.4512272322177887,0.4366340270638466,0.014593205088749528
51,0.4511463776230812,0.43650935381650924,0.0146370230615139
52,0.4510683923959732,0.43639241725206374,0.014675975618883967
53,0.4509896719455719,0.43628141582012175,0.01470825650729239
54,0.45087927907705305,0.43614606410264967,0.014733214639127254
55,0.4506999811530113,0.43596649885177613,0.0147334826271981
56,0.45018296509981154,0.43553862154483797,0.01464434220455587
57,0.44852947890758516,0.43435734391212466,0.014172136075794697
58,0.4423374074697495,0.43130099594593047,0.011036410424858333
59,0.4394197601079941,0.430027417242527,0.009392343554645776
60,0.43864508628845217,0.4294757106900215,0.009169374657794833
61,0.43813259065151217,0.4289954167604446,0.009137172941118479
62,0.4376241075992584,0.42845298707485197,0.009171120934188365
63,0.437105173766613,0.42785268485546113,0.009252491081133485
64,0.43664575427770613,0.42728201031684876,0.009363744352012872
65,0.4361524039506912,0.4266682493686676,0.009484153743833303
66,0.4353170141577721,0.42568408101797106,0.009632933028042317
67,0.4342672598361969,0.4245169124007225,0.009750347938388587
68,0.4333184498548508,0.42341338872909545,0.009905060101300479
69,0.43244207024574277,0.422401622235775,0.010040448410436512
70,0.4316170620918274,0.4214485114812851,0.010168550796806812
71,0.4308594012260437,0.4205693566799164,0.010290043177083135
72,0.43017972111701963,0.41980057179927827,0.010379150165244938
73,0.4296172058582306,0.41917355597019196,0.010443649431690573
74,0.42914684414863585,0.41865220069885256,0.010494643403217197
75,0.428717802464962,0.4181643557548523,0.010553445406258107
76,0.4283072310686111,0.417672461271286,0.0106347690615803
77,0.4278962314128876,0.41716675519943236,0.010729475514963269
78,0.42749407172203063,0.41666746258735654,0.01082660984247923
79,0.4270797947049141,0.41615558385849,0.01092421032488346
80,0.4266617223620415,0.41563905745744706,0.011022665584459902
81,0.42623757660388945,0.4151207390427589,0.011116836937144398
82,0.42584713250398637,0.414648032784462,0.011199098583310842
83,0.4254779031872749,0.4142135325074196,0.011264369385316967
84,0.42511308163404465,0.413794087767601,0.01131899306550622
85,0.4247415253520012,0.4133766970038414,0.011364829139783978
86,0.42433115631341933,0.4129266753792763,0.011404480803757906
87,0.42386064380407334,0.4124200132489204,0.01144063134677708
88,0.4233347576856613,0.411863514482975,0.01147124269977212
89,0.4227987939119339,0.4113257619738579,0.011473032040521502
90,0.4221787878870964,0.41075639337301256,0.011422395035624503
91,0.42135278761386874,0.41004020303487776,0.011312584271654486
92,0.4204491272568703,0.4092476612329483,0.011201465651392937
93,0.419686313867569,0.4085253337025642,0.011160981087014079
94,0.41899196088314056,0.40782908141613006,0.011162878759205342
95,0.4183587113022804,0.40714061439037325,0.011218096651136876
96,0.4176570722460747,0.40634504199028015,0.011312030898407101
97,0.4166929304599762,0.4052552181482315,0.011437711864709854
98,0.4159442564845085,0.4044707816839218,0.01147347591817379
99,0.4150720590353012,0.4035162356495857,0.011555823888629675
100,0.41436377018690107,0.40276966750621795,0.011594101963564753
101,0.41370881736278536,0.402058932185173,0.011649884898215532
102,0.41305980920791624,0.40133752197027206,0.011722286697477102
103,0.41237877756357194,0.40059129118919373,0.011787485079839826
104,0.4116209682822227,0.3997712126374245,0.011849756268784404
105,0.4106870502233505,0.39875791907310487,0.01192913219332695
106,0.4095968887209892,0.397558613717556,0.01203827429562807
107,0.4083106487989426,0.3960945469141006,0.01221610201522708
108,0.40726172775030134,0.3949591809511185,0.012302546389400959
109,0.40638441473245623,0.3940635347366333,0.012320878803730012
110,0.40568628698587417,0.3933791506290436,0.012307135183364152
111,0.40506687968969346,0.39278085082769393,0.012286028433591127
112,0.4045140868425369,0.39224724650382997,0.012266839183866977
113,0.40405153930187226,0.39179951936006546,0.012252019885927438
114,0.4036184927821159,0.39137361496686934,0.012244877694174648
115,0.40320794701576235,0.3909564080834389,0.012251539751887322
116,0.4027986201643944,0.39052580088377,0.012272819755598902
117,0.4023498874902725,0.3900367596745491,0.01231312901712954
118,0.40183368176221845,0.3894722720980644,0.012361409850418567
119,0.401298565864563,0.3888834923505783,0.012415073411539197
120,0.4007631587982178,0.3882929491996765,0.012470209952443839
121,0.4001917284727097,0.3876767009496689,0.012515026517212391
122,0.3996684128046036,0.38711595654487607,0.012552455505356193
123,0.3991571596264839,0.3865712958574295,0.012585863098502159
124,0.3986820638179779,0.3860719081759453,0.012610155669972301
125,0.3982498949766159,0.3856217062473297,0.012628189120441675
126,0.3978274446725845,0.3851846554875374,0.012642790954560041
127,0.39741424143314363,0.3847524011135101,0.012661840235814452
128,0.3970044395327568,0.3843107324838638,0.012693706220015883
129,0.39658757627010344,0.38383761554956436,0.012749961251392961
130,0.3961280074715614,0.38328182727098464,0.012846180098131299
131,0.39560329288244245,0.38265760987997055,0.012945683328434826
132,0.3951158019900322,0.3821130675077438,0.013002734165638685
133,0.3946679192781448,0.3816294753551483,0.013038443671539425
134,0.3942371326684952,0.38116728454828264,0.013069848520681262
135,0.3937991747260094,0.3806923571228981,0.013106818962842225
136,0.39331625163555145,0.3801601651310921,0.013156084595248103
137,0.3927660930156708,0.3795405063033104,0.0132255875505507
138,0.39218621343374255,0.3788771042227745,0.01330910749733448
139,0.39159463107585907,0.3781988906860352,0.013395740427076816
140,0.3909742537140846,0.3774824520945549,0.013491801209747791
141,0.39029312938451766,0.3767004379630089,0.01359269194304943
142,0.38953909516334534,0.37586862057447434,0.013670474095270037
143,0.3887265339493752,0.37497221410274506,0.013754320070147515
144,0.38786124348640444,0.3740243408083916,0.013836902715265751
145,0.38702316731214526,0.37311808317899703,0.013905085353180767
146,0.3862131968140602,0.37223056703805923,0.01398263018578291
147,0.38525878220796583,0.3711565592885017,0.014102223478257656
148,0.3842395514249802,0.3699623712897301,0.014277180647477508
149,0.38249912440776823,0.36789194017648696,0.014607185404747725
150,0.38021208316087723,0.3652254167199135,0.014986665882170201
151,0.3781757265329361,0.3629912453889847,0.01518448043614626
152,0.3765738761425018,0.36134024828672406,0.015233629690483213
153,0.3751624947786331,0.35995588660240174,0.015206608129665256
154,0.3737770053744316,0.35861991047859193,0.015157093629240989
155,0.3726822251081467,0.35760693192481996,0.015075293574482203
156,0.3716001072525978,0.356608175933361,0.014991929912939668
157,0.3706392228603363,0.35572733223438263,0.014911889415234327
158,0.369781696498394,0.35494048774242404,0.014841206260025502
159,0.3689849257469177,0.35420929014682767,0.014775634799152613
160,0.36823340475559235,0.3535058969259262,0.01472750836983323
161,0.3675271379947662,0.3528509321808815,0.014676204705610872
162,0.3668714994192123,0.3522327849268913,0.014638715097680688
163,0.3661845749616623,0.35158477306365965,0.014599802112206817
164,0.3655423554778099,0.35096085995435716,0.014581496426835656
165,0.36485576897859573,0.3502849197387695,0.014570849537849427
166,0.3641489413380623,0.34956455111503604,0.014584391955286264
167,0.3633297571539879,0.3486908435821533,0.014638914596289396
168,0.3622754171490669,0.3474826365709305,0.014792782040312886
169,0.3609886753559113,0.3459575238823891,0.0150311532150954
170,0.3596505582332611,0.3444315245747566,0.015219034524634481
171,0.358390052318573,0.34306135296821594,0.015328700924292206
172,0.3570507010817528,0.34155854970216754,0.015492151286453008
173,0.3551660731434822,0.33938111782073976,0.01578495478257537
174,0.3533499842882156,0.3373869091272354,0.015963075142353775
175,0.35164665639400483,0.3356302824616432,0.016016374696046113
176,0.3501780378818512,0.3341244211792946,0.01605361619964242
177,0.34886116325855254,0.3327693936228752,0.016091770520433785
178,0.34764636486768724,0.33151567667722703,0.016130686607211828
179,0.34628739416599275,0.33002311080694197,0.01626428325660527
180,0.34515673995018004,0.3287166115641594,0.0164401282183826
181,0.34282289296388624,0.32631259590387346,0.016510297488421203
182,0.3432628870010376,0.326894553899765,0.01636833354830742
183,0.34006848603487017,0.32348124772310255,0.01658723836764693
184,0.34204664766788484,0.3257004833221436,0.016346164615824818
185,0.33812726616859434,0.32150065451860427,0.016626613568514585
186,0.3393696165084839,0.3226943865418434,0.016675231559202076
187,0.3354394033551216,0.3185296007990837,0.016909802444279195
188,0.3351539745926857,0.31814289212226865,0.01701108232140541
189,0.3322431084513664,0.31478453785181043,0.017458570022135973
190,0.32948938965797425,0.31196405708789826,0.017525332793593407
191,0.3267965719103813,0.3088879683613777,0.017908603884279728
192,0.32411338478326795,0.30589699536561965,0.01821638947352767
193,0.32108901500701903,0.30245876431465146,0.018630250263959168
194,0.317796097099781,0.2987293475866318,0.019066749457269907
195,0.31491098523139954,0.2955940946936607,0.01931689029559493
196,0.3124921208620071,0.29301314502954484,0.01947897583246231
197,0.3053970292210579,0.2843460190296173,0.021051009967923164
198,0.29645043015480044,0.27438873767852784,0.022061692904680966
199,0.2899392518401146,0.267087297141552,0.022851953487843274
200,0.28486157447099686,0.26155494421720504,0.023306630104780197
201,0.2802161413431168,0.25645627319812775,0.023759867772459985
202,0.2762915161252022,0.25206946566700933,0.02422205101698637
203,0.27170378118753435,0.2469222167134285,0.024781565088778733
204,0.2673022648692131,0.24201026320457458,0.025292002838104965
205,0.2630221751332283,0.2372888632118702,0.025733311530202627
206,0.2593664747476578,0.23330700665712356,0.02605946857482195
207,0.25554716408252715,0.2291998127102852,0.026347352378070354
208,0.25224256232380865,0.225724518597126,0.02651804404333234
209,0.2487321424484253,0.22198288425803184,0.02674925871193409
210,0.24556501641869544,0.2186966848373413,0.02686833132058382
211,0.2425580517947674,0.2155478574335575,0.027010194435715677
212,0.23936740696430206,0.21221450686454774,0.02715289989486337
213,0.23657704189419745,0.20929718017578125,0.02727986194193363
214,0.2336372809112072,0.20623504921793936,0.02740223307162523
215,0.2312533412873745,0.20374131321907044,0.02751202814280987
216,0.22856275081634522,0.20092420220375062,0.02763854866847396
217,0.22582710340619086,0.19806871101260184,0.027758392300456763
218,0.2234685130417347,0.19567938193678855,0.027789130955934525
219,0.22111111313104628,0.193330120742321,0.02778099276125431
220,0.21878521114587784,0.1910156139731407,0.02776959726586938
221,0.21677767664194106,0.18901209712028502,0.027765578851103784
222,0.2145782896876335,0.18678613737225533,0.027792151756584643
223,0.21237367227673531,0.18452846601605416,0.027845206763595344
224,0.2097501739859581,0.18169430881738663,0.02805586503818631
225,0.20645955353975295,0.17810518831014632,0.0283543654717505
226,0.20365740448236466,0.17514314204454423,0.02851426200941205
227,0.201139957010746,0.17265328645706177,0.02848667053505778
228,0.19875744476914406,0.17028750479221344,0.028469939064234496
229,0.19626423776149748,0.16786260187625884,0.02840163553133607
230,0.19400380551815033,0.16559371381998061,0.028410092312842607
231,0.19213995963335037,0.16375880405306817,0.028381155114620926
232,0.19016757905483245,0.16177065208554267,0.028396927304565906
233,0.18827884137630463,0.1598734028637409,0.028405438251793383
234,0.18626746088266372,0.1578367979824543,0.028430662881582976
235,0.1840176273882389,0.15556350708007813,0.028454120140522718
236,0.18254937723279,0.15415631741285324,0.028393059503287077
237,0.1802532508969307,0.15188935682177543,0.028363894037902355
238,0.1785881595313549,0.1502385611832142,0.028349598124623298
239,0.17610632836818696,0.1477793599665165,0.028326967321336268
240,0.17480114981532097,0.14657316341996193,0.028227986581623555
241,0.1726839464902878,0.1444869215786457,0.028197025023400782
242,0.17110314220190048,0.14297057881951333,0.028132563568651677
243,0.16965429231524468,0.1416007985174656,0.028053494691848754
244,0.16754597246646882,0.1395662698149681,0.02797970348969102
245,0.16631538107991217,0.13845396146178246,0.027861419282853604
246,0.16412397995591163,0.13635302051901818,0.02777095863595605
247,0.162933679074049,0.13529422849416733,0.027639450803399086
248,0.1610279130935669,0.13349060207605362,0.027537310905754567
249,0.15878453120589256,0.13125153496861458,0.02753299629315734
250,0.15659080043435097,0.1290522211790085,0.02753857832401991
251,0.15681308656930923,0.12937544912099838,0.027437637466937302
252,0.15338419899344444,0.1259497356414795,0.027434463035315274
253,0.15185424759984018,0.12441992230713367,0.027434325013309717
254,0.15139954760670662,0.12409706249833106,0.027302485685795547
255,0.14901028841733932,0.12181885160505772,0.0271914367377758
256,0.1482620631158352,0.12118364714086055,0.027078415807336567
257,0.14626736104488372,0.11928209289908409,0.0269852676987648
258,0.14407877773046493,0.11724261805415154,0.02683615993708372
259,0.14375816464424132,0.11707012444734573,0.026688039489090442
260,0.1416870339214802,0.11518628686666489,0.026500747222453356
261,0.14009072601795197,0.11365684792399407,0.026433877740055324
262,0.1381650310754776,0.1117880018055439,0.026377029586583375
263,0.13631930366158485,0.10999426230788231,0.02632504066452384
264,0.1344430148601532,0.10817186534404755,0.026271149516105652
265,0.13279685661196708,0.10664505422115327,0.02615180119872093
266,0.131196793615818,0.10521748393774033,0.025979309752583505
267,0.12969524651765824,0.10383521400392055,0.025860032606869934
268,0.12953290313482285,0.10388377584517001,0.025649127308279274
269,0.1270591238886118,0.10160319052636624,0.0254559332318604
270,0.1258871202915907,0.10058918558061122,0.025297935232520104
271,0.1231518816202879,0.09794755153357983,0.02520433012396097
272,0.12333210363984108,0.09831800840795041,0.025014095418155195
273,0.120072498396039,0.09522190004587174,0.024850598201155663
274,0.11928229585289955,0.09440020404756069,0.0248820917122066
275,0.11735229142010212,0.09255212351679802,0.024800168089568614
276,0.11434579052031041,0.08965590924024582,0.02468988122418523
277,0.11321257404983044,0.08864710241556167,0.024565471466630698
278,0.11200381509959698,0.0876184829324484,0.024385331999510526
279,0.11085997648537159,0.08666051752865314,0.02419945914298296
280,0.1102497848123312,0.08625484965741634,0.02399493534117937
281,0.10818700984120369,0.08435294091701508,0.023834068588912488
282,0.10728207886219025,0.08362284272909165,0.023659236449748277
283,0.10812414027750492,0.08469606459140777,0.023428075425326825
284,0.1051054710149765,0.08184313461184502,0.023262336254119872
285,0.10403768867254257,0.08091742768883706,0.02312026098370552
286,0.1030440829694271,0.08007734321057797,0.022966739516705276
287,0.1024506352096796,0.07964530058205127,0.022805335018783807
288,0.10102927923202515,0.07838663265109062,0.022642646618187427
289,0.10054806426167488,0.0780638425797224,0.022484221123158933
290,0.09939830906689168,0.07708899684250355,0.022309312410652638
291,0.0992383363097906,0.077112847417593,0.02212548891082406
292,0.09836237512528896,0.07639163129031658,0.02197074385359883
293,0.0965279595553875,0.07471057027578354,0.021817389372736216
294,0.09549729332327843,0.07379048332571983,0.02170681018382311
295,0.09474854439496994,0.07317631490528584,0.021572229471057653
296,0.09398511193692684,0.0725651977956295,0.021419913843274116
297,0.09333519764244556,0.07205892242491245,0.021276275049895047
298,0.09239786021411418,0.07126552790403366,0.021132332775741815
299,0.09135056540369987,0.07036830924451351,0.020982256140559912
300,0.09081387758255005,0.06995933204889297,0.020854545403271914
301,0.08989589489996433,0.06920295476913452,0.020692940093576907
302,0.08920243300497532,0.06865310378372669,0.02054932910948992
303,0.08818927615880966,0.06776244908571244,0.020426827110350133
304,0.08766059994697571,0.06737014815211297,0.020290451776236295
305,0.08700679913163185,0.06684796050190926,0.020158838778734207
306,0.08633301056921482,0.06630134776234627,0.020031662918627263
307,0.08560307785868644,0.06570347391068936,0.019899604059755802
308,0.08475852578878403,0.06498746305704117,0.01977106248959899
309,0.08429003894329071,0.06463185306638479,0.019658185876905918
310,0.0835039633512497,0.06397502396255732,0.01952893938869238
311,0.08314287431538105,0.06372753780335189,0.019415336530655622
312,0.08233558863401413,0.06304315902292729,0.019292429778724907
313,0.08154749870300293,0.062377400174736974,0.019170098397880794
314,0.08131902925670147,0.06224185079336166,0.01907717850059271
315,0.08059165559709072,0.0616404177621007,0.018951237462460996
316,0.08034396827220917,0.061489620395004746,0.018854347690939903
317,0.079658712297678,0.06091665275394917,0.018742059227079153
318,0.07911787308752537,0.06049652904272079,0.01862134352326393
319,0.07843870304524898,0.05991101380437613,0.018527689464390276
320,0.07812372483313083,0.059696209616959095,0.018427515123039483
321,0.07759235911071301,0.05928306560963392,0.01830929357558489
322,0.07727206274867057,0.059054640978574754,0.018217422123998402
323,0.07625996321439743,0.05814120434224605,0.018118758108466863
324,0.07616821885108947,0.0581443877145648,0.018023830857127904
325,0.07586325824260712,0.05792717907577753,0.01793607907369733
326,0.0751519862562418,0.05731133915483952,0.01784064741805196
327,0.07484453171491623,0.05709377583116293,0.01775075614452362
328,0.0743235520273447,0.05666216507554054,0.01766138732433319
329,0.07394988529384136,0.05638966411352157,0.017560221180319788
330,0.07351908266544342,0.05603647336363792,0.017482609171420336
331,0.07304911091923713,0.055652893111109734,0.017396217547357082
332,0.0725749347358942,0.055258506760001186,0.01731642769649625
333,0.0723754969984293,0.05513912282884121,0.017236374393105505
334,0.07171318963170052,0.05455613438040018,0.017157055251300336
335,0.07172279968857766,0.05464748159050942,0.017075318116694688
336,0.0711476320028305,0.0541494270041585,0.016998204980045558
337,0.07057994335889817,0.05366524435579777,0.016914699133485554
338,0.0704115428030491,0.05356845639646053,0.016843086313456296
339,0.07002189010381699,0.0532524336129427,0.01676945647224784
340,0.07001836627721786,0.05330270908772945,0.016715657077729703
341,0.0696025089174509,0.05299453340470791,0.016607975643128155
342,0.0689572449028492,0.052406309098005296,0.01655093561857939
343,0.06852512627840042,0.05204022221267223,0.016484903898090125
344,0.0685064835101366,0.0520921079441905,0.01641437517479062
345,0.06788231797516346,0.05153094485402107,0.016351373363286258
346,0.06770366042852402,0.05142104744911194,0.016282612960785627
347,0.06728123538196087,0.05106269787997007,0.016218537464737892
348,0.06696004413068295,0.05080602437257767,0.016154019879177212
349,0.06695194989442825,0.05087018094956875,0.01608176888898015
350,0.06663177371025085,0.050606879591941836,0.016024893820285796
351,0.06611031450331212,0.05014513712376356,0.01596517720259726
352,0.06594403780996799,0.050045636296272275,0.015898401308804752
353,0.0659409399330616,0.050068977065384386,0.015871962904930113
354,0.06560916267335415,0.04984840203076601,0.015760760633274914
355,0.06481316238641739,0.04909975830465555,0.01571340385824442
356,0.06472518317401409,0.04905261665582657,0.015672566508874296
357,0.06429185565561056,0.04869053028523922,0.015601324951276183
358,0.06450635347515345,0.048959239050745965,0.01554711407981813
359,0.06387663576751948,0.04838496632874012,0.01549166944809258
360,0.063813854791224,0.048368975184857846,0.0154448798391968
361,0.0634935349971056,0.04811285775154829,0.015380677236244082
362,0.0631995315849781,0.04785957392305136,0.015339957810938358
363,0.0629537945613265,0.04767859097570181,0.015275203753262759
364,0.0626823865622282,0.04745196141302586,0.015230425130575896
365,0.06231070004403591,0.04714616928249597,0.015164530891925097
366,0.06231516677886248,0.04718695972114802,0.015128207243978977
367,0.06203341368585825,0.046968471594154834,0.015064942073076964
368,0.061883701607584954,0.046852650940418246,0.015031050527468323
369,0.06151551321148872,0.04654407057911158,0.014971442660316825
370,0.0615562092885375,0.046625171191990375,0.014931038385257125
371,0.06100127790123224,0.04612633991986513,0.014874937860295177
372,0.0609419047087431,0.04609876353293657,0.01484314122237265
373,0.060994328670203685,0.04621260039508343,0.014781728126108647
374,0.06036067757755518,0.045612658523023125,0.014748019203543662
375,0.05998992048203945,0.045293671824038026,0.014696248518303036
376,0.06043227132409811,0.04577793262898922,0.01465433869510889
377,0.05963372800499201,0.04503047790378332,0.014603250231593846
378,0.05945792179554701,0.04489112358540297,0.014566798293963075
379,0.05958661932498217,0.04505587838590145,0.014530740920454263
380,0.05911420937627554,0.04464103195816278,0.014473177436739206
381,0.05944679219275713,0.04500703204423189,0.01443976018577814
382,0.058609832860529426,0.04421422977000475,0.014395603043958545
383,0.058699550256133076,0.044335094690322874,0.014364455416798592
384,0.058611161671578885,0.04430101234465837,0.01431014934554696
385,0.05805220302194357,0.04378372885286808,0.01426847423426807
386,0.05789814371615648,0.04366524759680033,0.014232896054163575
387,0.05811795141547918,0.04391942523419857,0.014198526423424482
388,0.05757615067064762,0.0434309308975935,0.014145219875499606
389,0.0573363595828414,0.04322284441441297,0.014113515084609389
390,0.0573977392166853,0.04332525979727506,0.014072479167953133
391,0.057205604873597625,0.04318143852055073,0.01402416618540883
392,0.056919251084327695,0.04291870832443237,0.014000542648136615
393,0.056676157973706724,0.04272463567554951,0.013951522251591086
394,0.056589983329176904,0.04266620684415102,0.013923776550218463
395,0.05626514784991741,0.04239000014960766,0.013875147579237818
396,0.05610639102756977,0.04226486284285784,0.013841528315097093
397,0.05613857455551624,0.04232833489775658,0.01381023951806128
398,0.05612273532897234,0.04234988942742348,0.01377284586429596
399,0.05556056883186102,0.04182408008724451,0.013736488791182637
400,0.05529482241719961,0.0415923298895359,0.013702492462471128
401,0.05522375505417585,0.04156182114034891,0.01366193407215178
402,0.05526241708546877,0.041630010902881626,0.013632406303659082
403,0.054871884137392045,0.04129885606467724,0.013573028156533837
404,0.05504094634205103,0.04146807376295328,0.013572872653603553
405,0.05476364534348249,0.04126017823815346,0.013503466881811619
406,0.0543391028046608,0.04085561022162437,0.013483492592349648
407,0.05414735477417707,0.04069549914449453,0.013451855536550284
408,0.0539859501644969,0.04057332221418619,0.013412627903744579
409,0.05387419957667589,0.040499804615974425,0.013374394942075015
410,0.053859594203531744,0.040511468909680846,0.013348125349730254
411,0.053453278467059134,0.040144134275615216,0.013309144312515855
412,0.05370959747582674,0.04044272944331169,0.013266867967322469
413,0.05302021440118551,0.039786149263381955,0.013234065026044845
414,0.05337585661560297,0.04016139108687639,0.013214465789496898
415,0.053384413756430146,0.04022122297435999,0.013163190810009837
416,0.05273260291665793,0.03959440905600786,0.01313819388858974
417,0.05245036154985428,0.03934845067560673,0.013101911004632712
418,0.05232649832963943,0.039262477084994314,0.0130640213098377
419,0.05223109360784292,0.03919624496251345,0.013034848738461733
420,0.05301322165876627,0.03997819446027279,0.01303502706810832
421,0.05187676046043634,0.03891868144273758,0.01295807907357812
422,0.051621705889701844,0.03869466669857502,0.012927038967609406
423,0.05164209075272083,0.03873402342200279,0.012908067535609007
424,0.05158420391380787,0.03871691189706326,0.012867291932925582
425,0.051384008564054964,0.0385442291200161,0.012839779229834676
426,0.05141404200345278,0.03860956884920597,0.012804473182186485
427,0.050850995294749735,0.038081454001367095,0.012769541488960385
428,0.050990427732467654,0.038245037905871866,0.012745389919728041
429,0.05084356807172299,0.03814644686877727,0.012697121053934097
430,0.05060512017458677,0.037920315079391004,0.012684805048629642
431,0.050532525442540645,0.037885274663567545,0.012647250555455685
432,0.05037723034620285,0.03776125397533178,0.012615976110100745
433,0.050157280452549455,0.03757451694458723,0.01258276367560029
434,0.05012738537043333,0.037565478831529615,0.012561906659975648
435,0.050050989575684074,0.037527809478342534,0.012523179948329926
436,0.04964447937905789,0.037148445397615436,0.01249603413976729
437,0.04965495780110359,0.037196090593934056,0.012458867048844696
438,0.04952104657888413,0.03708600379526615,0.012435042792931198
439,0.04940243352204561,0.03700297735631466,0.012399456026032566
440,0.04932504966855049,0.036958265528082845,0.012366783861070872
441,0.0489933130517602,0.036650394052267075,0.012342918971553445
442,0.0487038866057992,0.03640566274523735,0.012298223851248622
443,0.04974297508597374,0.03743198532611132,0.012310989834368229
444,0.0488724983856082,0.036622323766350745,0.01225017442367971
445,0.048401094190776345,0.036182633191347124,0.01221846134401858
446,0.048389266170561315,0.03619374606758356,0.012195520056411623
447,0.04841336760669947,0.03624664973467588,0.012166717862710357
448,0.04801371421664953,0.03588126190006733,0.012132452186197042
449,0.048349619135260584,0.03623819474130869,0.01211142442189157
450,0.04782724648714066,0.03574254043400288,0.012084706192836166
451,0.04789241477847099,0.03584066055715084,0.012051754137501121
452,0.047703918814659116,0.03567962944507599,0.012024289229884744
453,0.04762312866747379,0.03562509659677744,0.011998031865805387
454,0.04746526826173067,0.035496884398162364,0.011968383761122824
455,0.047560051269829276,0.03561165992170572,0.011948391292244197
456,0.047148427963256835,0.03523318253457546,0.011915245512500405
457,0.0470514440536499,0.03516116380691528,0.01189028037711978
458,0.04719796914607286,0.03533651053905487,0.011861458402127028
459,0.04696395881474018,0.03511144831776619,0.01185251047834754
460,0.04691508207470178,0.03510478135198355,0.011810300573706627
461,0.04648663133382797,0.03471057407557964,0.011776057053357363
462,0.04657722111791372,0.034813240244984625,0.011763981208205224
463,0.04651553299278021,0.034785096049308774,0.011730436943471432
464,0.04645717591047287,0.034749485403299335,0.011707690441980959
465,0.046180994473397734,0.03449882406741381,0.01168217033147812
466,0.04628407470881939,0.03462422266602516,0.011659852154552936
467,0.04603704072535038,0.03440144319087267,0.01163559759967029
468,0.04589746482670307,0.03429285321384668,0.011604611622169613
469,0.04571322057396174,0.034133537746965883,0.011579683031886816
470,0.045974148884415623,0.03441174097359181,0.011562408041208982
471,0.04556169968098402,0.034024835489690305,0.011536864340305328
472,0.045641741044819356,0.034129270650446415,0.011512470366433263
473,0.04551830105483532,0.03403422266244888,0.011484078411012889
474,0.0452028801292181,0.033737955279648305,0.011464924616739154
475,0.04529943827539682,0.03385583415627479,0.011443603849038482
476,0.045094078704714775,0.03368338696658611,0.011410691821947695
477,0.04506526429206133,0.03367529097944498,0.011389973443001508
478,0.04491395957767964,0.03354788493365049,0.01136607475578785
479,0.044819382466375825,0.03347173918038607,0.01134764333255589
480,0.04475507501512766,0.03343016766011715,0.011324907252565027
481,0.04485014464706182,0.03354556608945131,0.011304578529670834
482,0.04462758593261242,0.0333489827811718,0.011278603104874491
483,0.04439217016100883,0.03313741859048605,0.011254751440137625
484,0.04433527555316687,0.03310349721461534,0.011231778506189585
485,0.044362275935709475,0.0331530424207449,0.011209233403205872
486,0.04431884363293648,0.03312375161796808,0.011195092033594846
487,0.04465240158140659,0.03345520734786987,0.011197194186970592
488,0.043800950311124326,0.032672256771475075,0.011128693465143441
489,0.0438790100812912,0.0327482127584517,0.011130797266960145
490,0.04406639099121094,0.032956739347428085,0.011109651681035757
491,0.04366246871650219,0.03257352454587817,0.011088944217190146
492,0.043817988634109496,0.03274868799373507,0.011069300407543779
493,0.04359943971037865,0.032557487916201354,0.011041951831430197
494,0.04349193844944239,0.03246831083670258,0.011023627454414963
495,0.0433666105568409,0.03236496420577169,0.011001646351069212
496,0.04334007393568754,0.03235397497192025,0.010986098758876324
497,0.04331663344055414,0.03234471369534731,0.010971919456496835
498,0.04343745555728674,0.03248795552179217,0.01094950020313263
499,0.043166117817163466,0.032237498313188555,0.010928619410842657
500,0.042971887104213236,0.03206521598622203,0.010906671155244112
501,0.04321947667747736,0.03231876404955983,0.010900712590664625
502,0.042923458479344846,0.032055915854871275,0.010867542568594218
503,0.0427078028768301,0.03185791444033384,0.010849888408556581
504,0.042592231184244156,0.0317705843783915,0.010821646759286523
505,0.04293346535414457,0.03210629170760512,0.01082717364653945
506,0.04258323758840561,0.03178337158635259,0.01079986614175141
507,0.042445212788879874,0.031672125812619925,0.010773087171837687
508,0.04254952434450388,0.0317906042188406,0.010758920330554247
509,0.04235887456685305,0.03161508796736598,0.010743786608800291
510,0.04228786457329989,0.03156354408711195,0.010724320588633419
511,0.04236927267163992,0.03165848936885595,0.010710783451795578
512,0.042037926390767096,0.03134868036955595,0.010689245816320182
513,0.042119549177587035,0.031452337205410005,0.010667211906984449
514,0.04202888514846563,0.031368389073759315,0.01066049604676664
515,0.041969529464840886,0.031336191445589065,0.010633337879553437
516,0.04179924886673689,0.03118909686803818,0.010610151868313551
517,0.041697265319526194,0.031098762676119805,0.01059850280173123
518,0.0419415170699358,0.031342823058366776,0.010598694076761603
519,0.041689643040299415,0.03111875545233488,0.010570887718349695
520,0.04158806763589382,0.031029526479542255,0.010558541007339954
521,0.041563520804047585,0.031029564514756202,0.010533956279978156
522,0.04131113257259131,0.030797534007579088,0.010513598518446087
523,0.041447882279753684,0.030929524358361958,0.010518357874825596
524,0.04160908717662096,0.03110606862232089,0.010503018544986843
525,0.04128803003579378,0.030820427387952806,0.010467602694407106
526,0.04109348699450493,0.030642257537692785,0.010451229196041823
527,0.04109424814581871,0.030651219375431537,0.010443028891459108
528,0.04113608527928591,0.03071020219475031,0.01042588299140334
529,0.04092029947787523,0.030521525386720896,0.010398774221539498
530,0.04089674562215805,0.030501580610871316,0.010395164918154478
531,0.04087235730141401,0.030494233332574366,0.010378123987466096
532,0.04078751172870398,0.03042394831776619,0.010363563280552626
533,0.04085057612508535,0.03050125151872635,0.010349324485287071
534,0.0406487874686718,0.030312254391610623,0.01033653313294053
535,0.04059216920286417,0.0302730799280107,0.010319089172407985
536,0.040592555180191996,0.030287988390773533,0.010304566696286202
537,0.04046336986124516,0.03017391696572304,0.010289452988654375
538,0.040281353741884234,0.03001566991209984,0.010265683559700846
539,0.040416295900940896,0.03015499880537391,0.010261296927928924
540,0.040239183641970155,0.030000394117087124,0.010238789403811097
541,0.04017765037715435,0.02995464636012912,0.010223004082217813
542,0.040155031532049176,0.029939012732356787,0.010216018818318844
543,0.04027303725481033,0.030063596013933422,0.010209441082552076
544,0.04006791140884161,0.029877567607909442,0.010190343782305718
545,0.04159048963338137,0.03131797702983022,0.010272512715309857
546,0.03940890159457922,0.029293479844927788,0.010115421935915947
547,0.0396210266277194,0.02949752375483513,0.010123502993956209
548,0.03980101902037859,0.029673783127218484,0.010127235818654299
549,0.03953226547688246,0.029420524761080744,0.01011174064129591
550,0.03988962661474943,0.029784907773137092,0.010104718822985888
551,0.03954761579632759,0.029455225560814143,0.010092390114441513
552,0.039657655917108056,0.029582391642034054,0.010075264247134327
553,0.03951651643961668,0.029453387763351203,0.010063128937035799
554,0.03936450608074665,0.029320541247725488,0.010043964898213744
555,0.039424187541007995,0.02938798235729337,0.010036204922944308
556,0.039165912196040154,0.02915429579094052,0.010011616116389632
557,0.03973040346056223,0.02968734983354807,0.01004305375739932
558,0.038986461721360686,0.029007658008486033,0.009978803675621747
559,0.039312684908509254,0.02932997517287731,0.009982709847390652
560,0.03921980571001768,0.02924474745988846,0.009975058482959867
561,0.039054237194359305,0.029101029317826033,0.009953208062797784
562,0.03894893437623978,0.029007819443941117,0.009941115025430918
563,0.03905389469116926,0.029118995051831006,0.009934899527579547
564,0.03900703478604555,0.02908244891092181,0.009924586107954382
565,0.03891092825680971,0.029001472983509302,0.009909455301240086
566,0.03880819831043482,0.028913463894277812,0.009894734481349587
567,0.038726299479603765,0.028846782129257918,0.009879517490044237
568,0.038922269456088544,0.029046839512884618,0.009875430036336183
569,0.038564170487225054,0.028712001238018273,0.009852169174700975
570,0.038554292321205136,0.02871041726320982,0.009843875216320156
571,0.038622848577797415,0.028780243322253228,0.009842605208978056
572,0.03841054931282997,0.028590227011591196,0.009820322273299098
573,0.038387329466640946,0.02858427882194519,0.00980305070988834
574,0.03839895039796829,0.028602536991238593,0.009796413145959377
575,0.03854511670768261,0.028750325236469507,0.009794791545718908
576,0.038230735771358014,0.028461955543607472,0.009768780311569572
577,0.03834537968039513,0.028578337728977204,0.009767041970044375
578,0.03822907965630293,0.02847687227651477,0.00975220731459558
579,0.03805192716419697,0.028323527500033377,0.009728399785235525
580,0.03820238970220089,0.028469597715884448,0.009732791949063539
581,0.038061593249440195,0.028344140760600565,0.009717452265322208
582,0.038041656054556366,0.028335656337440014,0.009705999344587326
583,0.03780740190297365,0.028127029426395892,0.009680372290313244
584,0.03786009628325701,0.028180941231548785,0.009679155126214027
585,0.03798367090523243,0.028310301266610622,0.009673369573429227
586,0.03790315747261047,0.028239980265498163,0.009663177225738763
587,0.03748297926038504,0.027847812995314598,0.009635166320949793
588,0.038035353645682335,0.02837867623195052,0.009656677562743425
589,0.03764772959053517,0.02802541734650731,0.009622312327846884
590,0.03775699958205223,0.02813567524775863,0.009621324399486184
591,0.03747580680996179,0.027875148821622134,0.00960065795108676
592,0.03769159529358149,0.028093064744025467,0.009598530707880854
593,0.03743528284132481,0.027854747623205185,0.009580535097047687
594,0.037289869226515296,0.02772866014391184,0.009561209101229906
595,0.03746367521584034,0.027898206785321237,0.009565468328073621
596,0.03733868438750505,0.02778973326086998,0.009548951229080558
597,0.037560495063662526,0.02800267852842808,0.009557816339656711
598,0.037306327410042285,0.027779035549610854,0.00952729169279337
599,0.03715539332479238,0.027645068634301426,0.009510324662551283
600,0.0371506118401885,0.027642088402062656,0.009508523475378752
601,0.037102416604757306,0.02760801397264004,0.00949440254829824
602,0.03720726501196623,0.027706177607178688,0.009501087581738829
603,0.03710692390799522,0.027624924145638944,0.009481999650597572
604,0.03706051781773567,0.027594003565609454,0.009466514419764281
605,0.03694241881370544,0.027487095352262257,0.00945532351732254
606,0.036851778849959375,0.02740639854222536,0.009445380084216595
607,0.03711819816380739,0.027657113187015057,0.009461084874346852
608,0.03668841738253832,0.02727030511945486,0.009418112207204104
609,0.03682559870183468,0.02740826640278101,0.009417332261800766
610,0.036851989440619945,0.027443273942917585,0.009408715339377522
611,0.03665545597672462,0.027256947811692953,0.00939850825816393
612,0.03659849002957344,0.02721285253763199,0.009385637482628226
613,0.03681950204074383,0.027438055817037822,0.009381446354091168
614,0.03663400001823902,0.02726227918639779,0.009371720887720585
615,0.036557153649628166,0.02719530591741204,0.009361847741529346
616,0.036563457436859605,0.02721338488161564,0.00935007250867784
617,0.0364954398944974,0.02715761573985219,0.009337824247777462
618,0.03652681399136782,0.02719466932117939,0.009332144781947136
619,0.036257053650915624,0.02693837372586131,0.009318679887801409
620,0.036416180692613126,0.027097120992839337,0.009319059811532497
621,0.03623840868473053,0.026942294947803022,0.009296113476157188
622,0.036510333307087424,0.02720078120008111,0.009309552107006312
623,0.036141717620193956,0.0268601992726326,0.009281518459320069
624,0.036264729797840116,0.02698901005089283,0.009275719849392771
625,0.036233574897050855,0.026958509534597396,0.009275065278634429
626,0.03616193249821663,0.026906255949288607,0.009255676437169314
627,0.036210770644247534,0.026958898026496172,0.009251872757449747
628,0.035986281856894495,0.02675034845247865,0.009235933534801006
629,0.03599744848906994,0.026765742786228657,0.009231705721467733
630,0.036098595894873145,0.026874645315110683,0.009223950514569878
631,0.03601751655340195,0.026802396606653928,0.009215120049193502
632,0.03581403438001871,0.026617383938282727,0.009196650255471468
633,0.03593425918370485,0.026729476042091846,0.00920478293672204
634,0.03596117585897446,0.02677289541810751,0.009188280515372753
635,0.03572004646062851,0.026545617785304784,0.009174428787082434
636,0.03567833010107279,0.02651559067890048,0.00916273970156908
637,0.035970744788646696,0.026794271897524594,0.009176472881808877
638,0.03578203052282333,0.02662863127887249,0.009153399309143424
639,0.035482328310608865,0.02635130736976862,0.009131021071225405
640,0.03573681015521288,0.026598739549517633,0.009138070549815892
641,0.03559562437236309,0.026465930305421353,0.009129694132134318
642,0.03563376519829035,0.026511426474899055,0.009122338630259037
643,0.03559676267206669,0.026490327939391135,0.00910643482580781
644,0.035519933179020885,0.02641805462539196,0.009101878721266984
645,0.035370386652648446,0.02628044193610549,0.009089944809675217
646,0.03567372016608715,0.0265803293697536,0.00909339084289968
647,0.03521680019795895,0.02614967154338956,0.009067128570750356
648,0.035416191406548024,0.02634729590266943,0.009068895317614078
649,0.03524550944566727,0.02618899704888463,0.009056512285023927
650,0.035439279824495316,0.026379160545766354,0.009060119297355413
651,0.03527901798486709,0.02623761298134923,0.009041405022144318
652,0.035045779943466186,0.026020345725119114,0.009025434004142881
653,0.03531589109450579,0.026280444078147412,0.009035446848720312
654,0.0352602719143033,0.02623431174084544,0.009025960043072701
655,0.03523608714342117,0.02622186131775379,0.009014225890859961
656,0.03499716579914093,0.025997232683002948,0.008999933106824756
657,0.03511485561728477,0.026120278462767602,0.008994577219709754
658,0.03506361033767462,0.026075442526489495,0.008988167876377701
659,0.03490016043186188,0.025927113965153695,0.00897304629907012
660,0.035066581070423125,0.02609451089054346,0.008972070151939989
661,0.03487018883228302,0.025908642783761024,0.008961546085774898
662,0.03503267031162977,0.026072332486510277,0.008960337741300464
663,0.034918552786111834,0.025970229618251323,0.008948322935029864
664,0.03477643750607967,0.025837845243513582,0.008938592281192542
665,0.034966491982340815,0.02603002594783902,0.008936465987935661
666,0.03475366849452257,0.025833022091537716,0.008920646542683243
667,0.03486858569085598,0.025946549009531736,0.008922036709263921
668,0.03460828021168709,0.02570531276986003,0.008902967451140284
669,0.034677680246531964,0.025777414105832577,0.00890026624314487
670,0.034686309173703196,0.025789066590368746,0.008897242601960897
671,0.03472405876964331,0.025833209306001664,0.0088908495567739
672,0.03461567953228951,0.025736811235547066,0.008878868259489536
673,0.034512931555509566,0.025649316813796758,0.008863614816218614
674,0.034532317854464055,0.025666888672858476,0.008865429302677513
675,0.0346023803204298,0.02574421836063266,0.008858161941170693
676,0.0345703737437725,0.025717559792101382,0.008852813960984349
677,0.03445564992725849,0.02561025943607092,0.008845390528440475
678,0.0344230517745018,0.02558419307693839,0.008838858744129539
679,0.03435022123157978,0.025529181659221648,0.008821039488539099
680,0.03445737924426794,0.025629800800234078,0.008827578322961927
681,0.03428406074643135,0.0254775514267385,0.008806509310379624
682,0.034429834373295304,0.025618938785046338,0.008810895718634129
683,0.034437697641551496,0.0256298609636724,0.008807836640626192
684,0.034218254759907724,0.025433834418654443,0.008784420350566506
685,0.034138438701629636,0.025356101244688033,0.008782337363809347
686,0.03425214350223541,0.02546956989914179,0.00878257348202169
687,0.03415743242949247,0.02539900705218315,0.008758425591513514
688,0.03419399254024029,0.025429449025541544,0.008764543496072292
689,0.03410417802631855,0.02534994011744857,0.008754237964749336
690,0.03406911086291075,0.02531648499891162,0.008752625603228807
691,0.034151981212198736,0.025408765841275452,0.00874321535229683
692,0.034041925333440304,0.02530892349779606,0.008733002161607146
693,0.03401668444275856,0.025290298853069545,0.008726385673508048
694,0.033983459174633024,0.025265291277319194,0.008718167822808027
695,0.033924530744552615,0.025208576284348964,0.008715954441577196
696,0.033914398439228534,0.025211649108678104,0.008702749265357851
697,0.03396353956311941,0.025263227876275777,0.008700311714783311
698,0.03379527091979981,0.025107446257025004,0.00868782470934093
699,0.03385950569063425,0.025173841286450626,0.00868566432967782
700,0.033849604055285455,0.02517091466113925,0.008678689310327172
701,0.03376896247267723,0.025097067467868328,0.008671895004808902
702,0.033777287267148494,0.025114930234849453,0.008662356743589044
703,0.033849687166512016,0.02518897419795394,0.008660713024437428
704,0.033770572245121006,0.0251174277998507,0.008653144324198366
705,0.03369728036224842,0.02504969684407115,0.008647583462297916
706,0.033621677681803706,0.02498530499637127,0.00863637264817953
707,0.03368477389216423,0.02505229078233242,0.008632482793182135
708,0.033577087819576266,0.024954391214996575,0.00862269644625485
709,0.03356089081615209,0.02494099538773298,0.00861989526078105
710,0.03355568848550319,0.024942486882209777,0.008613201668485998
711,0.03362219646573067,0.02501453822478652,0.008607658157125116
712,0.03340694922953844,0.02481508404016495,0.008591865487396717
713,0.03353025861084461,0.02493707085028291,0.00859318781644106
714,0.033418345004320144,0.024835872761905194,0.008582472121343016
715,0.03340617869049311,0.024826926272362472,0.008579252399504184
716,0.03343645624816418,0.024861370418220757,0.00857508584856987
717,0.03340450212359428,0.024836804326623677,0.008567697945982217
718,0.03335566572844982,0.024798195250332354,0.008557470431551337
719,0.03345658712089062,0.02490403313189745,0.00855255413800478
720,0.03322896346449852,0.024693749602884053,0.008535214029252529
721,0.033271064274013044,0.024726261422038077,0.008544802824035287
722,0.033183177933096886,0.024654640089720486,0.008528538001701235
723,0.03316596996039152,0.0246399849280715,0.008525984976440668
724,0.03321478374302387,0.02469474442303181,0.008520039441064
725,0.03326816260814667,0.02475031739100814,0.008517845245078206
726,0.03310629058629275,0.024597864001989364,0.008508426677435637
727,0.033086330145597455,0.024587473832070827,0.008498856257647276
728,0.033267186656594276,0.02475950377061963,0.008507682941854
729,0.033068476915359496,0.024578589368611573,0.00848988768644631
730,0.033112434931099416,0.024627835564315317,0.008484599478542805
731,0.03301843825727701,0.024542264733463527,0.008476173412054777
732,0.032911991141736506,0.024446906242519616,0.008465084806084633
733,0.03301920849829912,0.02455323116853833,0.008465977581217886
734,0.03302676215767861,0.024560717716813087,0.008466044478118419
735,0.0329464166238904,0.024493963178247213,0.008452453268691897
736,0.03280078012496233,0.024364241510629655,0.008436538558453322
737,0.03290637843310833,0.024461175203323363,0.008445203118026257
738,0.03295569844543934,0.02451371045783162,0.00844198778271675
739,0.032805483154952526,0.024380234479904176,0.00842524883337319
740,0.03281750548630953,0.024396464694291353,0.008421041127294302
741,0.03284737274050713,0.024428288526833056,0.008419084241613745
742,0.03274990677833557,0.024343003798276187,0.008406903063878417
743,0.03276277147233486,0.024354005586355924,0.008408765643835067
744,0.03270068187266588,0.02430153178051114,0.008399149989709259
745,0.03259330376982689,0.02420569520443678,0.008387608481571078
746,0.03264868952333927,0.024264618400484324,0.008384071225300431
747,0.03299043502658606,0.024583646692335606,0.00840678807348013
748,0.032583460211753845,0.02421230100095272,0.008371159257367254
749,0.03261416498571634,0.02424445444718003,0.008369710613042116
750,0.03263007499277592,0.024262601677328348,0.008367473231628538
751,0.03266185753047466,0.024298477414995433,0.008363380124792456
752,0.032546254470944405,0.02419143170118332,0.008354822611436248
753,0.032490750662982466,0.024145950265228748,0.008344800509512425
754,0.032318853847682474,0.023988702073693274,0.008330151680856943
755,0.03261225905269385,0.02426699932664633,0.008345259875059128
756,0.032368797808885574,0.024044885672628878,0.008323912220075726
757,0.03254000637680292,0.02420550152659416,0.008334504803642631
758,0.03251811904832721,0.024195779636502265,0.008322339607402682
759,0.03243057131767273,0.0241174934245646,0.008313077837228774
760,0.03232099335640669,0.02401731861755252,0.008303674729540944
761,0.03223805755376816,0.02394166959449649,0.008296388126909733
762,0.03225327640771866,0.02396346691995859,0.008289809580892324
763,0.03229748267680407,0.024005668479949237,0.008291814113035798
764,0.03243775490671396,0.024142339639365674,0.008295415276661515
765,0.03216538138687611,0.023893462363630533,0.008271919069811702
766,0.032414398547261955,0.024127740245312453,0.008286658488214017
767,0.032204784899950024,0.02393556874245405,0.00826921639032662
768,0.032201362494379285,0.023939362317323683,0.008261999990791082
769,0.03209718115627766,0.023844720758497716,0.008252460360527038
770,0.03229209274053574,0.024030436035245656,0.008261656668037177
771,0.032161793541163206,0.02391310540959239,0.008248688066378235
772,0.032073081228882076,0.02383224843069911,0.00824083280749619
773,0.03206081951037049,0.023830019868910313,0.008230799799785018
774,0.031980681363493205,0.02375798162072897,0.008222699705511332
775,0.03204210184514523,0.023819131385535,0.008222970673814415
776,0.03217960171401501,0.023949747160077094,0.00822985447011888
777,0.03197134597226978,0.02375478036701679,0.008216565735638141
778,0.03200722953304649,0.023794518075883387,0.008212711350060999
779,0.03196080155670643,0.023759050648659467,0.008201750563457608
780,0.03193812660872936,0.023738370314240455,0.008199756322428585
781,0.031928232479840515,0.023733213357627393,0.008195019075646997
782,0.032024494148790834,0.023831484131515025,0.008193010133691132
783,0.03200134575366974,0.023811079375445843,0.008190266396850348
784,0.03184136413037777,0.023662313893437384,0.008179050250910223
785,0.031796230860054495,0.023626608438789845,0.008169622500427067
786,0.03182052209973335,0.023650399707257748,0.008170122364535928
787,0.03173519186675548,0.023576876278966666,0.008158315485343338
788,0.031900605838745835,0.02373432608321309,0.008166279839351774
789,0.03168441858142614,0.023536955676972865,0.008147462918423116
790,0.03173180444166064,0.02358609640970826,0.008145707873627544
791,0.031855078786611556,0.023702893797308208,0.008152184979990125
792,0.031609909143298864,0.023482979144901037,0.008126929863356053
793,0.03165409620851278,0.023520391993224622,0.00813370424322784
794,0.03177911188453436,0.02364880358800292,0.008130308352410793
795,0.03150975296273827,0.023397483248263597,0.008112269565463065
796,0.031618984825909136,0.023499785270541907,0.00811919966712594
797,0.03183775320649147,0.02371280487626791,0.00812494837678969
798,0.031438832059502604,0.02334164548665285,0.008097186530940235
799,0.03157505193725228,0.02347478495910764,0.008100266917608678
800,0.03162291415035725,0.023519999012351037,0.008102915212512017
801,0.03152473371475935,0.023433074913918973,0.008091658786870539
802,0.03147984355688095,0.023399358429014683,0.008080485123209656
803,0.0316502807661891,0.023557866495102643,0.00809241432696581
804,0.03143229737877846,0.023354404475539922,0.008077892884612083
805,0.03133505303412676,0.023270083740353584,0.00806496936827898
806,0.031542418077588084,0.023469674084335566,0.008072743811644613
807,0.03141723547130823,0.023355264123529194,0.0080619713710621
808,0.0314328358694911,0.02337079256772995,0.008062043311074376
809,0.031364717725664376,0.02331316526979208,0.008051552646793424
810,0.03134095795452595,0.023295661117881537,0.008045296934433281
811,0.03140470681712031,0.02335596177726984,0.008048744960688055
812,0.031353295147418976,0.023311599493026733,0.008041695742867887
813,0.03129818053916097,0.023262198995798827,0.008035981473512947
814,0.03128393664956093,0.023258251156657934,0.008025685450993478
815,0.031274205036461354,0.023245534021407367,0.008028671112842858
816,0.031165619436651467,0.023151015378534794,0.008014604039490223
817,0.03137035831809044,0.023351521492004396,0.00801883672364056
818,0.031095962673425674,0.02309648996219039,0.007999472613446414
819,0.031267710812389854,0.023253787476569414,0.008013923368416727
820,0.03120918191969395,0.023204326741397382,0.008004854917526245
821,0.031116588432341816,0.023124112579971552,0.007992475810460746
822,0.031074938327074052,0.023090313617140056,0.007984624658711255
823,0.0311974423751235,0.023205218371003866,0.00799222404602915
824,0.031111320089548825,0.023126613721251486,0.007984706303104758
825,0.0310503064841032,0.02307213518768549,0.00797817122656852
826,0.031024196278303863,0.023049619365483522,0.00797457694541663
827,0.031126558482646942,0.023151130452752113,0.007975428076460957
828,0.031078558601439,0.023111999295651914,0.007966559226624668
829,0.03102700915187597,0.02306959930807352,0.007957409904338419
830,0.0309652653709054,0.02301260154694319,0.007952663791365921
831,0.031008610893040897,0.023055537454783916,0.007953073340468108
832,0.030957839023321866,0.02300980353727937,0.007948035611771048
833,0.030927912201732397,0.02298913283273578,0.007938779569230973
834,0.030837101172655822,0.02290717177093029,0.007929929341189563
835,0.030850775893777608,0.022923078387975693,0.007927697361446917
836,0.030895628277212383,0.022965252324938776,0.007930375966243446
837,0.030900310780853032,0.022973438911139964,0.00792687179055065
838,0.030836476609110833,0.02292043648660183,0.007916040131822228
839,0.030849555991590023,0.02293494913727045,0.00791460665408522
840,0.030902548730373382,0.022985095605254174,0.00791745312511921
841,0.030790811534971,0.022883746363222598,0.00790706512518227
842,0.030881486758589746,0.02297438368201256,0.007907103137113155
843,0.03061563828960061,0.022731201369315387,0.007884436803869903
844,0.030775958970189095,0.022884543370455503,0.007891415590420366
845,0.030701257549226285,0.02281650222837925,0.0078847553441301
846,0.030637290310114623,0.022761138416826726,0.007876151883974671
847,0.030793583896011115,0.02290507694706321,0.00788850688841194
848,0.03070656508207321,0.022829872258007526,0.007876692768186332
849,0.03063385684043169,0.022767792977392672,0.007866063881665468
850,0.030631480030715464,0.022766330633312463,0.007865149285644293
851,0.030653827544301748,0.022790807485580444,0.007863019951619208
852,0.030643157195299864,0.02278392905369401,0.007859228127636016
853,0.03052175898104906,0.02267235368490219,0.007849405291490258
854,0.030524668898433447,0.022681442331522705,0.007843226604163646
855,0.03055353831499815,0.022712067309767006,0.007841471070423722
856,0.030532287526875736,0.022697424236685037,0.007834863206371665
857,0.030463635940104723,0.02263107245787978,0.007832563514821232
858,0.030570558588951826,0.022739329859614372,0.007831228575669228
859,0.03051362171769142,0.022680740114301445,0.007832881668582559
860,0.030550586804747582,0.022722521871328352,0.007828064891509712
861,0.030435502622276546,0.02261704459786415,0.007818458089604973
862,0.030468842089176176,0.022652593962848185,0.007816248135641217
863,0.03040000895038247,0.022595301643013953,0.0078047072235494855
864,0.030394586194306614,0.022589719723910093,0.007804866479709745
865,0.03033522378653288,0.022538724299520255,0.007796499328687787
866,0.03042212311178446,0.022619965299963952,0.007802157807163894
867,0.030368522685021163,0.022573592010885477,0.007794930692762136
868,0.030302415173500775,0.022517362162470817,0.007785053090192378
869,0.030312369205057622,0.0225301974080503,0.007782171824947
870,0.03033973403275013,0.02255854669958353,0.007781187281943857
871,0.03015413189306855,0.02238866863772273,0.007765463325195014
872,0.030355054885149002,0.022578159663826227,0.007776895225979388
873,0.030283800959587097,0.02251530800014734,0.007768492922186851
874,0.030289709270000457,0.02252408053725958,0.007765628709457815
875,0.030154080223292114,0.022400391474366187,0.007753688683733344
876,0.030191455539315938,0.022438094653189182,0.007753360928036273
877,0.030277059786021708,0.022521407194435596,0.0077556525729596615
878,0.030147950202226638,0.022403780221939087,0.007744170017540455
879,0.030078764110803603,0.022340845447033644,0.007737918659113347
880,0.030015636384487152,0.022284624185413122,0.007731012115254998
881,0.030298675801604988,0.022550956849008798,0.0077477189153432845
882,0.030024041775614022,0.02229970009997487,0.0077243415219709274
883,0.030072068870067595,0.022347286343574524,0.007724782526493073
884,0.030056872833520175,0.022335938829928636,0.007720933984965086
885,0.030111245941370726,0.022387910187244415,0.007723335614427924
886,0.03010765926912427,0.02238828184083104,0.007719377358444035
887,0.02997942816466093,0.022272370662540196,0.007707057492807507
888,0.030012874603271483,0.022307923827320338,0.007704950859770179
889,0.029981848821043967,0.022280701398849488,0.0077011473570019005
890,0.029988728724420072,0.022291719634085893,0.007697008978575468
891,0.02993572488427162,0.0222443981282413,0.007691326853819192
892,0.029942529890686274,0.02225203689187765,0.007690492975525558
893,0.02997610142454505,0.022287871744483708,0.007688229638151824
894,0.029932196382433177,0.022248579114675524,0.007683617249131203
895,0.029896804708987475,0.022217896394431592,0.007678908249363303
896,0.029839582424610853,0.022168474942445754,0.0076711075427010654
897,0.02991095796227455,0.02223844327032566,0.007672514617443085
898,0.029843093566596507,0.022176409997045995,0.007666683495044708
899,0.029838980808854103,0.022176261097192763,0.007662719655781984
900,0.0298772575519979,0.02221232894808054,0.007664928496815264
901,0.02975218303501606,0.022101905234158038,0.0076502778101712465
902,0.0297017858736217,0.02205571945756674,0.0076460663648322226
903,0.029771671425551177,0.022124170735478402,0.007647500652819872
904,0.029710801094770433,0.02207052318379283,0.007640277887694538
905,0.029954789951443673,0.022300113812088965,0.0076546761067584155
906,0.029718054514378308,0.022081678211688997,0.0076363763306289915
907,0.02965472673997283,0.022026409208774567,0.00762831746134907
908,0.029755456075072288,0.022122835982590915,0.007632620185613632
909,0.02960949096828699,0.021989748645573855,0.0076197422808036205
910,0.029642493799328803,0.0220227987319231,0.007619695160537958
911,0.029718230497092008,0.02209571562707424,0.007622514921240509
912,0.029651014674454926,0.022036993745714425,0.007614020947366953
913,0.02962506955489516,0.02201682945713401,0.007608240228146315
914,0.02965904591605067,0.022052274383604527,0.0076067715464159845
915,0.02952816992998123,0.021930192597210407,0.007597977267578244
916,0.02952128814533353,0.02192539282143116,0.0075958953611552716
917,0.02959053434431553,0.021993417292833328,0.007597116981633008
918,0.029496735129505396,0.021911476869136096,0.0075852583069354294
919,0.029525732919573784,0.021938098352402447,0.007587634529918432
920,0.029550453051924705,0.021964591164141893,0.007585861864499748
921,0.029536269884556533,0.021954663582146167,0.007581606325693428
922,0.02943394608795643,0.021861571203917265,0.007572374856099486
923,0.029470440167933702,0.021898391135036947,0.007572049056179821
924,0.02950169486925006,0.021931057684123515,0.007570637119933963
925,0.02947083204984665,0.021902595087885855,0.0075682369712740186
926,0.029337131045758726,0.021783348470926285,0.007553782602772116
927,0.02947724990546703,0.021914628092199562,0.007562621720135212
928,0.02935439659282565,0.02180505361407995,0.007549343015998602
929,0.029281687755137682,0.02173994855955243,0.007541739195585251
930,0.029432247523218394,0.021880809292197226,0.007551438235677779
931,0.029245319180190563,0.021709545999765396,0.00753577308729291
932,0.029520302806049586,0.021965325884521006,0.007554976898245513
933,0.029262298084795475,0.0217340480722487,0.0075282501196488735
934,0.029256586525589226,0.021726419888436793,0.0075301666604354976
935,0.0292939218506217,0.02176165021955967,0.0075322717893868685
936,0.02920599427074194,0.021682404913008213,0.0075235892925411465
937,0.02932991335168481,0.021805974934250117,0.0075239384034648535
938,0.029289626963436604,0.021768919806927443,0.007520707165822387
939,0.029217734038829803,0.021705313436686993,0.007512420634739101
940,0.029146240688860417,0.02164157811552286,0.0075046626199036836
941,0.02929203860461712,0.021776482462882996,0.007515556127764285
942,0.029178155288100242,0.021675806697458028,0.007502348572015763
943,0.029223726671189068,0.02172104237601161,0.007502684388309717
944,0.02908505581319332,0.02159485088661313,0.007490204810164869
945,0.02916050510481,0.02166769517585635,0.0074928099755197765
946,0.029151731301099063,0.02166191825643182,0.00748981302138418
947,0.02902539271861315,0.02154469532892108,0.007480697478167713
948,0.029240162167698144,0.021745534706860782,0.007494627600535751
949,0.02907244436442852,0.021593418251723052,0.0074790261359885335
950,0.029086967166513204,0.02160861521959305,0.007478351970203221
951,0.029084939192980528,0.021611294616013764,0.007473644507117569
952,0.028951178062707184,0.02149055702611804,0.00746062105987221
953,0.028949828762561084,0.021489838641136884,0.007459990070201456
954,0.029144661370664834,0.021668730061501263,0.0074759313091635705
955,0.028995220251381397,0.021536603178828953,0.00745861710049212
956,0.029008827582001687,0.021551543697714805,0.007457283958792686
957,0.02894318474456668,0.021495126597583295,0.007448058188892901
958,0.028977015502750874,0.021528390012681486,0.0074486254435032605
959,0.028999000322073698,0.02155104698613286,0.0074479533219709996
960,0.02888953620567918,0.0214492179825902,0.007440318264998496
961,0.028881989344954492,0.02144716963171959,0.007434819610789418
962,0.028966393060982226,0.021523201055824757,0.007443191912025213
963,0.028946992065757512,0.021511038970202206,0.007435953044332564
964,0.028907676879316568,0.02147637713700533,0.007431299737654626
965,0.02879221152514219,0.021370972525328397,0.007421238971874118
966,0.028901863377541304,0.0214749956689775,0.007426867741160094
967,0.02884723015129566,0.021427300833165644,0.007419929327443242
968,0.028863354418426752,0.021447669733315706,0.0074156847642734645
969,0.02870312660932541,0.02129832861945033,0.007404797924682498
970,0.028842241540551185,0.02143115570768714,0.007411085781641304
971,0.02874063525348902,0.0213386650942266,0.007401970061473548
972,0.028822660092264415,0.021413986291736364,0.00740867383312434
973,0.028778051491826773,0.021376002226024867,0.007402049284428358
974,0.028797767758369446,0.021399048622697592,0.007398719200864434
975,0.028708665389567612,0.021317779012024404,0.007390886466018856
976,0.028785935565829278,0.021390659306198358,0.007395276250317693
977,0.028728045020252467,0.021340377181768417,0.007387667885050178
978,0.028582969792187215,0.021207993123680352,0.007374976580031216
979,0.028800930120050906,0.02141134798526764,0.007389582125470042
980,0.028605787213891745,0.02123248491436243,0.00737330234143883
981,0.028668248020112516,0.021294785272330044,0.007373462724499405
982,0.02858334343880415,0.021215915903449057,0.007367427516728639
983,0.02870572844520211,0.02133513169363141,0.007370596756227314
984,0.028578699231147767,0.021216245237737894,0.007362454039976001
985,0.02853775193914771,0.021181569043546913,0.007356182914227247
986,0.028669505417346954,0.02130592355504632,0.0073635819787159565
987,0.02860872644931078,0.02125244539231062,0.007356281019747257
988,0.028478895705193283,0.021132846884429454,0.007346048876643181
989,0.028523303978145124,0.02117683632299304,0.007346467571333051
990,0.028624386172741653,0.021272725109010935,0.007351661124266684
991,0.028520627003163098,0.02117862017825246,0.007342006834223866
992,0.028423619009554386,0.021090202610939742,0.007333416352048516
993,0.028598523624241354,0.021254999022930862,0.007343524587340653
994,0.02843306165188551,0.021103982869535683,0.007329078726470471
995,0.02834398692473769,0.02102443724870682,0.007319549634121359
996,0.028583490401506425,0.021246594153344633,0.0073368961270898585
997,0.02845941621810198,0.02113451700657606,0.0073248992534354325
998,0.028338577467948198,0.02102854235097766,0.0073100351169705395
999,0.028528931476175787,0.021204252894967794,0.007324678613804281
1000,0.028325644843280314,0.021016720198094845,0.0073089247243478895
1001,0.028497023433446886,0.021178863681852816,0.007318159812130034
1002,0.028371427822858095,0.02106735058128834,0.007304077218286693
1003,0.028415254820138215,0.02110662166029215,0.007308633234351873
1004,0.028268897850066425,0.02097680514678359,0.007292092661373317
1005,0.02838926948606968,0.021086387056857347,0.0073028824850916866
1006,0.028391645159572362,0.02109223848208785,0.0072994066402316095
1007,0.02834154736250639,0.02104776235297322,0.007293785153888166
1008,0.028249457757920027,0.020966127812862397,0.007283329931087792
1009,0.028368004094809295,0.021076778545975686,0.007291225488297641
1010,0.02821436159312725,0.020937355924397705,0.007277005729265511
1011,0.028287624251097442,0.021005774047225714,0.0072818503389135
1012,0.028326378986239433,0.021046012919396163,0.007280366071499884
1013,0.028176331389695407,0.020907697919756173,0.007268633432686329
1014,0.02826981583610177,0.020994529780000448,0.007275286065414548
1015,0.028228919226676225,0.020962039995938538,0.007266879295930267
1016,0.02819881381466985,0.020936081912368537,0.007262731897644699
1017,0.028204575199633836,0.02094341393560171,0.007261161278001964
1018,0.02806911399587989,0.020820325389504433,0.007248788643628359
1019,0.02823435716331005,0.020973394010215998,0.007260963106527924
1020,0.028219079077243806,0.02096261952072382,0.007256459519267082
1021,0.028104217369109393,0.020857130363583564,0.00724708701018244
1022,0.028095271401107312,0.020852736346423626,0.007242535073310137
1023,0.028050419110804796,0.020814263746142387,0.0072361553739756345
1024,0.028140481505542995,0.020896201953291893,0.007244279659353196
1025,0.02804839888587594,0.020812762696295978,0.007235636250115931
1026,0.028065197970718145,0.020834924224764108,0.0072302736807614565
1027,0.02803312601521611,0.02080528696998954,0.007227839180268347
1028,0.028215709012001752,0.020975722186267375,0.007239986821077764
1029,0.028082873113453387,0.02085413061082363,0.007228742442093789
1030,0.02803531354293227,0.020815356858074664,0.007219956587068737
1031,0.02796079630032182,0.020744291078299285,0.007216505194082856
1032,0.028078665155917407,0.020855204835534095,0.007223460306413472
1033,0.027969332952052353,0.020758213624358177,0.0072111193835735325
1034,0.02804530004039407,0.020829340480268,0.007215959504246711
1035,0.027962335497140885,0.020757670626044274,0.007204664810560643
1036,0.028033810164779426,0.02082327052950859,0.007210539625957608
1037,0.027796039208769798,0.02060780618339777,0.0071882328996434805
1038,0.027944806963205338,0.02074214754626155,0.007202659389004111
1039,0.02800919745117426,0.020809004679322243,0.007200192743912339
1040,0.02791528020054102,0.020720430426299574,0.007194849764928222
1041,0.02777667226269841,0.02059714760631323,0.007179524619132281
1042,0.027996758595108986,0.0207989782653749,0.007197780357673764
1043,0.027950478177517654,0.02076217796653509,0.007188300243578851
1044,0.027825943063944578,0.02064545750617981,0.007180485581047833
1045,0.02791413014754653,0.0207306782156229,0.007183451908640563
1046,0.027689595054835082,0.02052470976486802,0.007164885303936898
1047,0.027982372026890516,0.020796901285648345,0.007185470717959106
1048,0.027765652760863305,0.020596878454089165,0.007168774357996881
1049,0.027845203187316658,0.020676425863057374,0.007168777277693153
1050,0.02788518274202943,0.020714769978076218,0.0071704127732664345
1051,0.027724321093410255,0.0205657341517508,0.007158587034791708
1052,0.027719020154327156,0.020562161412090062,0.007156858863309026
1053,0.02777195202186704,0.020612875893712045,0.0071590761188417675
1054,0.02776184992864728,0.020607049874961376,0.007154800039716065
1055,0.027790173161774873,0.0206359931640327,0.007154179979115724
1056,0.027613392341881992,0.02047543091699481,0.007137961448170245
1057,0.027776806838810442,0.020625307466834785,0.007151499316096306
1058,0.027707403562963008,0.02056370047852397,0.007143703061155975
1059,0.027690034192055464,0.02054932227358222,0.0071407119790092115
1060,0.027663710229098797,0.020529331788420677,0.007134378468617797
1061,0.027671786248683928,0.020536430794745684,0.007135355481877923
1062,0.027684003952890633,0.020549463145434856,0.007134540774859488
1063,0.027617590706795453,0.02049363501369953,0.007123955795541406
1064,0.027744231894612312,0.0206108876504004,0.007133344248868525
1065,0.027584483232349157,0.020461863465607168,0.007122619729489088
1066,0.02761160837486386,0.020490647088736297,0.007120961342006921
1067,0.02759256850928068,0.0204753402993083,0.007117228228598833
1068,0.027698397748172284,0.020575039852410555,0.0071233578305691485
1069,0.027527886386960746,0.020421888139098884,0.007105998299084604
1070,0.02758234817534685,0.020470770578831433,0.007111577559262514
1071,0.027636056654155253,0.02052466247230768,0.0071113941678777335
1072,0.027589326091110707,0.0204818631708622,0.007107462859712541
1073,0.027438381463289262,0.020342321135103703,0.007096060365438461
1074,0.027550009693950415,0.020448860824108125,0.007101148702204228
1075,0.027576006539165972,0.020476205423474312,0.0070998012414202095
1076,0.027441832721233368,0.02035377103835344,0.0070880616363137965
1077,0.02750322574749589,0.02041201828047633,0.0070912074390798805
1078,0.027599750682711602,0.02050297325477004,0.007096777455881238
1079,0.027406475506722927,0.020325073674321174,0.007081401729956269
1080,0.02742276795208454,0.02034262390807271,0.007080144011415541
1081,0.027582158017903566,0.020492061749100687,0.007090096240863204
1082,0.027355609536170958,0.020283088684082032,0.007072520824149251
1083,0.027403838541358708,0.020331405606120824,0.007072432953864336
1084,0.02751812566071749,0.0204381406866014,0.007079985020682216
1085,0.027470357045531274,0.020395529568195344,0.007074827472679317
1086,0.027323308158665894,0.020260497108101846,0.007062811027280986
1087,0.027300409600138666,0.02024483321234584,0.0070555765042081475
1088,0.02737115867435932,0.02031163215637207,0.0070595265319570895
1089,0.02752424856647849,0.020452772006392478,0.007071476597338915
1090,0.027317417841404675,0.02026297589763999,0.0070544419344514605
1091,0.027332768552005293,0.020278594344854354,0.007054174193181098
1092,0.02732600683346391,0.02027471760287881,0.007051289263181389
1093,0.027413709703832865,0.020357036124914886,0.007056673592887819
1094,0.027256006486713887,0.020213467068970203,0.00704253941308707
1095,0.02734527926892042,0.020301005449146033,0.007044273782521486
1096,0.027266388777643442,0.02022601880133152,0.007040369920432567
1097,0.027377400379627943,0.02033031752333045,0.00704708291683346
1098,0.02712886208668351,0.020106500312685967,0.00702236179728061
1099,0.02741019144654274,0.02036497361958027,0.007045217803679406
1100,0.027187882680445908,0.020160782504826783,0.007027100166305899
1101,0.02726487997919321,0.020235574170947075,0.007029305836185813
1102,0.02722234508022666,0.020195748005062342,0.007026597009971738
1103,0.02730693718418479,0.02027738470584154,0.007029552482999861
1104,0.0271431814879179,0.02012840608134866,0.0070147754484787585
1105,0.027215895280241965,0.020196901485323906,0.007018993804231286
1106,0.027197000924497842,0.020179035812616347,0.007017965032719076
1107,0.027103285528719424,0.02009701082482934,0.007006274661980569
1108,0.027153071966022253,0.02014522748067975,0.0070078444434329866
1109,0.027314606346189974,0.020294575486332178,0.0070200309623032805
1110,0.027007015869021416,0.02001185456290841,0.006995161287486553
1111,0.02722089484333992,0.020211612172424794,0.007009282754734158
1112,0.02721936345100403,0.020210647601634265,0.007008715812116861
1113,0.027113399133086205,0.020115802232176065,0.006997596882283688
1114,0.0269925082847476,0.020005170684307814,0.006987337712198496
1115,0.027254330366849898,0.020250227320939302,0.007004103022627533
1116,0.026923355478793383,0.019948012903332712,0.006975342654623091
1117,0.027166112400591372,0.020172460433095694,0.0069936520140618085
1118,0.027080547139048575,0.020091975424438715,0.006988571747206152
1119,0.027064868938177822,0.020080552976578472,0.006984315887093544
1120,0.027128906082361938,0.02014321690425277,0.006985689261928201
1121,0.02692504594102502,0.01995430639013648,0.006970739546231925
1122,0.027047505509108304,0.020069377534091472,0.006978127988986671
1123,0.027093172818422318,0.020114557780325414,0.006978615084663033
1124,0.02698571391403675,0.020017148815095424,0.006968565136194229
1125,0.02701682401821017,0.020046703647822142,0.006970120309852064
1126,0.026980053801089525,0.020014100465923546,0.006965953330509364
1127,0.02706394439563155,0.020093921925872563,0.006970022446475923
1128,0.026813452672213314,0.019865479357540607,0.0069479732774198055
1129,0.027108906395733358,0.02013945622369647,0.00696945009753108
1130,0.02682918932288885,0.01988332496955991,0.00694586431607604
1131,0.026966215297579765,0.020008787363767624,0.0069574280129745605
1132,0.02693040780723095,0.019979153666645287,0.006951254094019532
1133,0.027018553745001554,0.020060719158500433,0.006957834577187896
1134,0.026858232002705335,0.01991448424756527,0.006943747741170228
1135,0.026999436616897583,0.02004816733300686,0.0069512693258002405
1136,0.026809492781758308,0.01987219786271453,0.006937294849194586
1137,0.026857162788510323,0.01992127561941743,0.00693588717840612
1138,0.026897032763808965,0.01995867267251015,0.006938360133208334
1139,0.02684473466128111,0.01991212885826826,0.006932605742476881
1140,0.026899149287492038,0.01996471805498004,0.006934431246481836
1141,0.026919563841074703,0.019982199035584926,0.006937364828772843
1142,0.026754185035824777,0.019832411110401155,0.0069217739021405576
1143,0.026907042860984803,0.019976343046873807,0.006930699837394059
1144,0.026818781848996876,0.01989433778449893,0.006924444041214883
1145,0.026751219183206557,0.01983299769461155,0.006918221516534686
1146,0.026656117495149373,0.01975026210770011,0.0069058552896603944
1147,0.026872573792934416,0.019947956167161465,0.006924617635086179
1148,0.02678626010194421,0.019872976820915936,0.006913283225148916
1149,0.026831648461520672,0.019916969630867244,0.006914678844623268
1150,0.026750829834491015,0.01984192054718733,0.006908909301273525
1151,0.026763490866869688,0.01985718835145235,0.006906302669085563
1152,0.02674781158566475,0.019841274805366994,0.006906536789610982
1153,0.026803645547479393,0.01989467568695545,0.006908969827927649
1154,0.02662804290652275,0.019735218305140734,0.00689282454084605
1155,0.02679406963288784,0.01989092878997326,0.0069031407637521625
1156,0.026630376018583774,0.019740449767559766,0.0068899261718615885
1157,0.026650934051722287,0.019763461034744977,0.0068874730495736
1158,0.02675117988139391,0.01985485540702939,0.006896324474364519
1159,0.02666962204501033,0.019781390372663736,0.006888231751509011
1160,0.02668663326650858,0.0197989827953279,0.006887650527060032
1161,0.026737341359257698,0.019846854377537967,0.006890487005002797
1162,0.026576635781675576,0.019699372276663782,0.006877263491041959
1163,0.026636969819664954,0.01975813616067171,0.0068788335472345355
1164,0.026704142242670058,0.01982247371226549,0.006881668623536825
1165,0.02656470101326704,0.0196930468454957,0.006871654102578759
1166,0.026610272005200386,0.019739425592124462,0.00687084648758173
1167,0.026619449276477098,0.019748014491051437,0.00687143481336534
1168,0.026664986554533244,0.019789301101118328,0.006875685504637658
1169,0.026456282865256073,0.019602446630597115,0.006853836234658957
1170,0.026724245101213455,0.019848453551530837,0.006875791558995843
1171,0.026471507027745245,0.019617762099951506,0.006853744909167289
1172,0.02656296292319894,0.019704908039420842,0.006858054902404547
1173,0.026572109162807465,0.019711413010954856,0.006860696114599705
1174,0.026537664867937565,0.019682980366051196,0.006854684543795884
1175,0.026539600864052774,0.019685606844723223,0.006853994061239064
1176,0.026469897963106632,0.01962493546307087,0.006844962504692376
1177,0.026562439557164908,0.0197107626311481,0.006851676953956485
1178,0.026497312430292366,0.019652406964451075,0.00684490549378097
1179,0.026544983349740505,0.019697961658239366,0.00684702159371227
1180,0.026419937927275896,0.019582329839468,0.006837608031928539
1181,0.02656682884320617,0.019720492754131555,0.0068463360611349345
1182,0.02644203629344702,0.01960657591000199,0.0068354603694751855
1183,0.02637424198910594,0.019547036699950695,0.006827205363661051
1184,0.026581355575472115,0.01973921190947294,0.006842143638059497
1185,0.026428002920001744,0.019597947858273984,0.006830055145546794
1186,0.026508023459464312,0.019672373812645673,0.006835649572312832
1187,0.026357394624501467,0.01953564466908574,0.006821749918162823
1188,0.026403567623347043,0.019582290686666965,0.006821276941336691
1189,0.02643389742821455,0.01960919488221407,0.0068247025413438675
1190,0.026469763163477183,0.019643523562699557,0.006826239698566497
1191,0.026303670406341552,0.01949271995574236,0.0068109504412859675
1192,0.02639166619628668,0.019576508011668922,0.006815158142708242
1193,0.026401489730924366,0.01958618052303791,0.006815309165976942
1194,0.026365609988570213,0.019554155133664607,0.006811454957351089
1195,0.026318065263330935,0.019511951059103014,0.006806114125065505
1196,0.026463614534586666,0.01964715348556638,0.006816460941918194
1197,0.026293297912925482,0.019491775427013636,0.006801522527821362
1198,0.026307537350803614,0.019507784750312566,0.006799752600491047
1199,0.026308130361139773,0.01951022641733289,0.006797903995029628
